0x0	0x00000000	()
0x0	0x00000000	fallback()
0x20	0x00000020	unlock_98ABD3()
0x4	0x00000004	matchTokenOrderByAdmin_MYmNxE()
0x2	0x00000002	wipeBlockchain_EkJWPe()
0x7	0x00000007	mintToSell9630191(uint256)
0x9	0x00000009	getInitializationCodeFromContractRuntime_6CLUNS()
0xf	0x0000000f	eldddhzr(uint256[])
0x33	0x00000033	matchTokenOrderByAdmin_k44j(uint256[])
0x444c	0x0000444c	freezeAccount_16R(address,bool)
0x4f8a	0x00004f8a	multiTransferTokenEqual_71p(address,address[],uint256)
0x7b7933b4	0x7b7933b4	checkpointSupply()
0x9b3a54d1	0x9b3a54d1	leverageList(uint256)
0xd65a5021	0xd65a5021	nextSupplyInterestRate(uint256)
0xf2fde38b	0xf2fde38b	transferOwnership(address)
0xfbd9574d	0xfbd9574d	burntTokenReserveListIndex(address)
0xfc3b72b1	0xfc3b72b1	protocolInterestRate()
0xfe056342	0xfe056342	loanOrderHashes(uint256)
0xd84d2a47	0xd84d2a47	spreadMultiplier()
0xdd62ed3e	0xdd62ed3e	allowance(address,address)
0xeebc5081	0xeebc5081	checkpointPrice(address)
0xb9fe1a8f	0xb9fe1a8f	nextBorrowInterestRate(uint256)
0xc4d2b1b3	0xc4d2b1b3	getLoanData(bytes32)
0xcfb65bb9	0xcfb65bb9	borrowTokenFromDeposit(uint256,uint256,uint256,uint256,address,address,address,bytes)
0x9dc29fac	0x9dc29fac	burn(address,uint256)
0xa9059cbb	0xa9059cbb	transfer(address,uint256)
0x894ca308	0x894ca308	bZxVault()
0x8fb807c5	0x8fb807c5	totalAssetSupply()
0x95d89b41	0x95d89b41	symbol()
0x96c7871b	0x96c7871b	bZxOracle()
0x995363d3	0x995363d3	bZxContract()
0x8da5cb5b	0x8da5cb5b	owner()
0x8f6ede1f	0x8f6ede1f	mintWithEther(address)
0x81a6b250	0x81a6b250	burnToEther(address,uint256)
0x829b38f4	0x829b38f4	getMaxEscrowAmount(uint256)
0x8325a1c0	0x8325a1c0	borrowInterestRate()
0x8423acd6	0x8423acd6	getDepositAmountForBorrow(uint256,uint256,uint256,address)
0x7d90dcba	0x7d90dcba	nextBorrowInterestRateWithOption(uint256,bool)
0x7ff9b596	0x7ff9b596	tokenPrice()
0x284e2f56	0x284e2f56	updateSettings(address,bytes)
0x612ef80b	0x612ef80b	marketLiquidity()
0x7288b344	0x7288b344	_supplyInterestRate(uint256,uint256)
0x736ee3d3	0x736ee3d3	tokenizedRegistry()
0x7866c6c1	0x7866c6c1	burntTokenReserveList(uint256)
0x797bf385	0x797bf385	loanTokenAddress()
0x66fa576f	0x66fa576f	flashBorrowToken(uint256,address,address,string,bytes)
0x70a08231	0x70a08231	balanceOf(address)
0x330691ac	0x330691ac	rateMultiplier()
0x40c10f19	0x40c10f19	mint(address,uint256)
0x44a4a003	0x44a4a003	avgBorrowInterestRate()
0x4780eac1	0x4780eac1	wethContract()
0x2ecae90a	0x2ecae90a	getLeverageList()
0x313ce567	0x313ce567	decimals()
0x1c5d1da5	0x1c5d1da5	marginTradeFromDeposit(uint256,uint256,uint256,uint256,uint256,address,address,address,address,bytes)
0x20f6d07c	0x20f6d07c	totalAssetBorrow()
0x23b872dd	0x23b872dd	transferFrom(address,address,uint256)
0x24d25f4a	0x24d25f4a	getBorrowAmountForDeposit(uint256,uint256,uint256,address)
0x2515aacd	0x2515aacd	loanOrderData(bytes32)
0x1d0806ae	0x1d0806ae	initialPrice()
0x1f68f20a	0x1f68f20a	baseRate()
0x9ec6b6b	0x09ec6b6b	supplyInterestRate()
0xc4925fd	0x0c4925fd	burntTokenReserved()
0x12416898	0x12416898	totalSupplyInterestRate(uint256)
0x18160ddd	0x18160ddd	totalSupply()
0x6b3efd6	0x06b3efd6	assetBalanceOf(address)
0x6fdde03	0x06fdde03	name()
0x95ea7b3	0x095ea7b3	approve(address,uint256)
0xffffffff	0xffffffff	LOCK8605463013()
0x6599aa0	0x06599aa0	getTradeData(address,address,uint256)
0xde064e0d	0xde064e0d	sendCall(address,bytes)
0x11	0x00000011	nothingToSeeHere_04ikDO9()
0xbfcf63b0	0xbfcf63b0	claimEther(address,uint256)
0xbc6cb1d9	0xbc6cb1d9	getRequiredCollateral(address,address,address,uint256,uint256)
0x71eb125e	0x71eb125e	oracleAddresses(address)
0xf3d75a9c	0xf3d75a9c	getBorrowAmount(address,address,address,uint256,uint256)
0xd0e30db0	0xd0e30db0	deposit()
0x327ab639	0x327ab639	payInterestForOracle(address,address)
0xa90b578	0x0a90b578	getLenderInterestForOracle(address,address,address)
0xb1eac3ad	0xb1eac3ad	takeOrderFromiToken(bytes32,address[4],uint256[7],bytes)
0x743033787f4738ff4d6a7225ce2bd0977ee5f86b91a902a58f5e4d0b297b4644	0x74303378	Burn(address,uint256,uint256,uint256)
0xffffffffffffffff	0xffffffff	LOCK8605463013()
0xfb	0x000000fb	buyTokens_hdd()
0xffffffffffffffffffffffffffffffffffffffffffffffffffffffffffffffff	0xffffffff	LOCK8605463013()
0xffffffffffffffffffffffffffffffffffffffffffffffffffffffffffffffe0	0xffffffff	LOCK8605463013()
0xffffffffffffffffffffffffffffffffffffffffffffffffffffffff	0xffffffff	LOCK8605463013()
0xffffffffffffffffffffffffffffffffffffffff	0xffffffff	LOCK8605463013()
0x70a0823100000000000000000000000000000000000000000000000000000000	0x70a08231	balanceOf(address)
0x8c379a000000000000000000000000000000000000000000000000000000000	0x08c379a0	Error(string)
0x6599aa000000000000000000000000000000000000000000000000000000000	0x06599aa0	getTradeData(address,address,uint256)
0xbfcf63b000000000000000000000000000000000000000000000000000000000	0xbfcf63b0	claimEther(address,uint256)
0x71eb125e00000000000000000000000000000000000000000000000000000000	0x71eb125e	oracleAddresses(address)
0x327ab63900000000000000000000000000000000000000000000000000000000	0x327ab639	payInterestForOracle(address,address)
0xa90b57800000000000000000000000000000000000000000000000000000000	0x0a90b578	getLenderInterestForOracle(address,address,address)
0xb1eac3ad00000000000000000000000000000000000000000000000000000000	0xb1eac3ad	takeOrderFromiToken(bytes32,address[4],uint256[7],bytes)
0xd0e30db000000000000000000000000000000000000000000000000000000000	0xd0e30db0	deposit()
0xffffffff00000000000000000000000000000000000000000000000000000000	0xffffffff	LOCK8605463013()
0xffffffffffffffffffffffff0000000000000000000000000000000000000000	0xffffffff	LOCK8605463013()
