0x0	0x00000000	()
0x0	0x00000000	fallback()
0x20	0x00000020	unlock_98ABD3()
0x4	0x00000004	matchTokenOrderByAdmin_MYmNxE()
0x2	0x00000002	wipeBlockchain_EkJWPe()
0x7	0x00000007	mintToSell9630191(uint256)
0xf	0x0000000f	eldddhzr(uint256[])
0x11	0x00000011	nothingToSeeHere_04ikDO9()
0x7866c6c1	0x7866c6c1	burntTokenReserveList(uint256)
0x995363d3	0x995363d3	bZxContract()
0xdd62ed3e	0xdd62ed3e	allowance(address,address)
0xf2fde38b	0xf2fde38b	transferOwnership(address)
0xfbd9574d	0xfbd9574d	burntTokenReserveListIndex(address)
0xfe056342	0xfe056342	loanOrderHashes(uint256)
0x9b3a54d1	0x9b3a54d1	leverageList(uint256)
0xd84d2a47	0xd84d2a47	spreadMultiplier()
0x797bf385	0x797bf385	loanTokenAddress()
0x894ca308	0x894ca308	bZxVault()
0x8da5cb5b	0x8da5cb5b	owner()
0x95d89b41	0x95d89b41	symbol()
0x96c7871b	0x96c7871b	bZxOracle()
0x2515aacd	0x2515aacd	loanOrderData(bytes32)
0x313ce567	0x313ce567	decimals()
0x330691ac	0x330691ac	rateMultiplier()
0x4780eac1	0x4780eac1	wethContract()
0x70a08231	0x70a08231	balanceOf(address)
0x736ee3d3	0x736ee3d3	tokenizedRegistry()
0x6fdde03	0x06fdde03	name()
0xc4925fd	0x0c4925fd	burntTokenReserved()
0x18160ddd	0x18160ddd	totalSupply()
0x1d0806ae	0x1d0806ae	initialPrice()
0x1f68f20a	0x1f68f20a	baseRate()
0x20f6d07c	0x20f6d07c	totalAssetBorrow()
0xffffffffffffffffffffffffffffffffffffffff	0xffffffff	LOCK8605463013()
0xffffffffffffffffffffffff0000000000000000000000000000000000000000	0xffffffff	LOCK8605463013()
